-- Добавление продуктов в таблицу Products с размерами упаковок (длина, ширина, высота)
INSERT INTO
    Products (barcode, name, package_size, weight)
VALUES
    (
        '123456789012',
        'Шоколадный батончик "Snickers"',
        '0.1*0.05*0.01',
        50.0
    ),
    (
        '234567890123',
        'Газировка "Coca-Cola"',
        '0.25*0.25*0.35',
        500.0
    ),
    (
        '345678901234',
        'Чипсы "Lays"',
        '0.2*0.15*0.05',
        150.0
    ),
    (
        '456789012345',
        'Шоколад "Milka"',
        '0.2*0.1*0.02',
        100.0
    ),
    (
        '567890123456',
        'Печенье "Oreo"',
        '0.15*0.1*0.05',
        150.0
    ),
    (
        '678901234567',
        'Соки "J7"',
        '0.2*0.2*0.3',
        1000.0
    ),
    (
        '789012345678',
        'Газировка "Pepsi"',
        '0.25*0.25*0.35',
        500.0
    ),
    (
        '890123456789',
        'Энергетик "Red Bull"',
        '0.2*0.2*0.3',
        250.0
    ),
    (
        '901234567890',
        'Кофе "Nescafe"',
        '0.15*0.1*0.05',
        200.0
    ),
    (
        '012345678901',
        'Батончик "Mars"',
        '0.1*0.05*0.01',
        55.0
    );

INSERT INTO
    Suppliers (name, phone, address)
VALUES
    (
        'ООО "ПродуктыПлюс"',
        '+7 495 123-45-67',
        'Москва, ул. Ленина, д. 10'
    ),
    (
        'ЗАО "Вкусные Дары"',
        '+7 812 234-56-78',
        'Санкт-Петербург, ул. Пушкина, д. 20'
    ),
    (
        'ИП "Сити Продукт"',
        '+7 831 345-67-89',
        'Нижний Новгород, ул. Советская, д. 15'
    ),
    (
        'ООО "Питание и Удовольствие"',
        '+7 863 456-78-90',
        'Ростов-на-Дону, ул. Гагарина, д. 5'
    ),
    (
        'ЗАО "Сладкие Моменты"',
        '+7 343 567-89-01',
        'Екатеринбург, ул. Мира, д. 12'
    ),
    (
        'ИП "Товары для всех"',
        '+7 495 678-90-12',
        'Москва, ул. Тверская, д. 45'
    ),
    (
        'ООО "Свежие Продукты"',
        '+7 831 789-01-23',
        'Нижний Новгород, ул. Ленина, д. 7'
    ),
    (
        'ЗАО "Экологические продукты"',
        '+7 863 890-12-34',
        'Ростов-на-Дону, ул. Нахимова, д. 30'
    ),
    (
        'ИП "Качество и Удобство"',
        '+7 343 901-23-45',
        'Екатеринбург, ул. Белинского, д. 25'
    ),
    (
        'ООО "Еда с Любовью"',
        '+7 812 012-34-56',
        'Санкт-Петербург, ул. Некрасова, д. 8'
    );

-- Вставка цен на продукты в таблицу Prices
INSERT INTO
    Prices (barcode, start_date, price)
VALUES
    ('123456789012', '2024-11-01', 50.0),
    -- Цена на "Snickers"
    ('234567890123', '2024-11-01', 45.0),
    -- Цена на "Coca-Cola"
    ('345678901234', '2024-11-01', 60.0),
    -- Цена на "Lays"
    ('456789012345', '2024-11-01', 80.0),
    -- Цена на "Milka"
    ('567890123456', '2024-11-01', 70.0),
    -- Цена на "Oreo"
    ('678901234567', '2024-11-01', 90.0),
    -- Цена на "J7"
    ('789012345678', '2024-11-01', 50.0),
    -- Цена на "Pepsi"
    ('890123456789', '2024-11-01', 100.0),
    -- Цена на "Red Bull"
    ('901234567890', '2024-11-01', 120.0),
    -- Цена на "Nescafe"
    ('012345678901', '2024-11-01', 55.0);

-- Цена на "Mars"